{
    "training_loss": [
        1.0675841569900513,
        1.0302822589874268,
        1.0019487142562866,
        0.9774288535118103,
        0.9526072144508362,
        0.9254844188690186,
        0.894987165927887,
        0.8608053922653198,
        0.8229706883430481,
        0.7816281318664551,
        0.7374854683876038,
        0.6918245553970337,
        0.6467781066894531,
        0.6053128838539124,
        0.5711294412612915,
        0.5476942658424377,
        0.5354126691818237,
        0.5292407870292664,
        0.5200033187866211,
        0.5042406916618347,
        0.4836300313472748,
        0.46225523948669434,
        0.44360119104385376,
        0.42885467410087585,
        0.4177153408527374,
        0.4091615378856659,
        0.4021637439727783,
        0.3957415521144867,
        0.3892815113067627,
        0.38251256942749023,
        0.3754369616508484,
        0.3682743012905121,
        0.3613564372062683,
        0.354990690946579,
        0.34938982129096985,
        0.34447795152664185,
        0.3399796783924103,
        0.335595041513443,
        0.3310668468475342,
        0.3262447714805603,
        0.3211587071418762,
        0.3159022033214569,
        0.3106485903263092,
        0.3055722415447235,
        0.3007594645023346,
        0.29624083638191223,
        0.29199275374412537,
        0.287945955991745,
        0.28403136134147644,
        0.28016260266304016
    ],
    "training_epoch_time": [
        0.010200937998888548,
        0.006399490994226653,
        0.004440904995135497,
        0.004369690002931748,
        0.004253762999724131,
        0.004397952994622756,
        0.004243463998136576,
        0.004214205997413956,
        0.004256246997101698,
        0.004549024997686502,
        0.004425979997904506,
        0.004336060999776237,
        0.004376568002044223,
        0.0043952780033578165,
        0.004263121998519637,
        0.0043536509983823635,
        0.0043589109991444275,
        0.004193330001726281,
        0.004223520001687575,
        0.004160381999099627,
        0.008559289999539033,
        0.004742174998682458,
        0.0044174409995321184,
        0.006653197000559885,
        0.005894850000913721,
        0.004639917002350558,
        0.0043500540050445125,
        0.010124113003257662,
        0.005450837001262698,
        0.004484630000661127,
        0.0043164990056538954,
        0.007509265997214243,
        0.01180109300184995,
        0.006337710998195689,
        0.0041503839966026135,
        0.004201663999992888,
        0.009745666997332592,
        0.004337717000453267,
        0.004282325004169252,
        0.004157986004429404,
        0.0043013719987357035,
        0.005389420999563299,
        0.004437233998032752,
        0.004246402000717353,
        0.004215476998069789,
        0.00474906599993119,
        0.005821428996569011,
        0.005239730002358556,
        0.004495406996284146,
        0.004430295004567597
    ],
    "train_inference_time": [
        0.0013668679966940545,
        0.0013110359941492788,
        0.0012142639970988967,
        0.0024370339961024,
        0.001152279000962153,
        0.0011517909952090122,
        0.0011574969976209104,
        0.001178824997623451,
        0.0011820779982372187,
        0.0012502559984568506,
        0.0012124429995310493,
        0.0012227940023876727,
        0.0011500859982334077,
        0.0011755689993151464,
        0.0012028970013489015,
        0.0012888199998997152,
        0.0011135150052723475,
        0.0011561909996089526,
        0.0011769390039262362,
        0.0011784140006056987,
        0.0012171650014352053,
        0.001232738999533467,
        0.0013952439985587262,
        0.0011606710031628609,
        0.001484999003878329,
        0.0012022790033370256,
        0.001216156997543294,
        0.0011879149969900027,
        0.0011914319984498434,
        0.0012250529980519786,
        0.0012126529982197098,
        0.0014265749996411614,
        0.0019530310019035824,
        0.0013153830004739575,
        0.0011475620049168356,
        0.0011456290012574755,
        0.002321799998753704,
        0.001172827003756538,
        0.0012031740043312311,
        0.0012676490005105734,
        0.0013039690020377748,
        0.0013560549996327609,
        0.0012104130000807345,
        0.0012023390008835122,
        0.0011804430032498203,
        0.0014385690010385588,
        0.0014387340052053332,
        0.0012000350034213625,
        0.0011856339988298714,
        0.00151241500134347
    ],
    "train_l2_error": [
        0.9904378652572632,
        0.9829854965209961,
        0.97411048412323,
        0.963379442691803,
        0.9505614042282104,
        0.9354097843170166,
        0.9177947044372559,
        0.8976757526397705,
        0.8750223517417908,
        0.8500805497169495,
        0.8234304189682007,
        0.7962295413017273,
        0.7703237533569336,
        0.7482866048812866,
        0.7328000068664551,
        0.7245659232139587,
        0.7204088568687439,
        0.7141238451004028,
        0.7032419443130493,
        0.6887388229370117,
        0.6733613014221191,
        0.659645140171051,
        0.6485956311225891,
        0.64012211561203,
        0.633538544178009,
        0.6281009912490845,
        0.6230685114860535,
        0.6179644465446472,
        0.6125701069831848,
        0.6068796515464783,
        0.6010640263557434,
        0.5953930020332336,
        0.5901263952255249,
        0.5854535102844238,
        0.5813244581222534,
        0.5775172710418701,
        0.5737818479537964,
        0.5698984265327454,
        0.5657333731651306,
        0.5613067150115967,
        0.5566946864128113,
        0.552046537399292,
        0.547517716884613,
        0.5431891679763794,
        0.5390934944152832,
        0.5352144241333008,
        0.5314928293228149,
        0.5278677940368652,
        0.5242605209350586,
        0.5206365585327148
    ],
    "train_linf_error": [
        0.997755765914917,
        0.9917424321174622,
        0.985285222530365,
        0.9767116904258728,
        0.9652380347251892,
        0.9508332014083862,
        0.9329655766487122,
        0.9116501212120056,
        0.8963693380355835,
        0.883569061756134,
        0.868240237236023,
        0.8505091071128845,
        0.8293417692184448,
        0.8046903014183044,
        0.796714723110199,
        0.8105332851409912,
        0.8149632811546326,
        0.8133983016014099,
        0.7995195984840393,
        0.7825363874435425,
        0.7783900499343872,
        0.7723926305770874,
        0.7657740116119385,
        0.758615255355835,
        0.7510059475898743,
        0.7435396909713745,
        0.7370603680610657,
        0.7304031848907471,
        0.7245986461639404,
        0.7230441570281982,
        0.7229040265083313,
        0.7229711413383484,
        0.7228425145149231,
        0.7224653959274292,
        0.72072434425354,
        0.717454195022583,
        0.7127629518508911,
        0.706608235836029,
        0.699122965335846,
        0.6905545592308044,
        0.6812071204185486,
        0.6713571548461914,
        0.661279559135437,
        0.6517013907432556,
        0.641954779624939,
        0.6348763704299927,
        0.628197431564331,
        0.6219323873519897,
        0.6163527369499207,
        0.6111323237419128
    ],