{
    "training_loss": [
        1.1124197244644165,
        1.06391179561615,
        1.0264296531677246,
        0.9945346713066101,
        0.9643217921257019,
        0.9336949586868286,
        0.9012477397918701,
        0.8661715984344482,
        0.8281621932983398,
        0.7871193885803223,
        0.7436174750328064,
        0.6988610029220581,
        0.6546670794487,
        0.6134153604507446,
        0.5782925486564636,
        0.5526542067527771,
        0.5377300977706909,
        0.5296157002449036,
        0.5205848217010498,
        0.5064178705215454,
        0.48810145258903503,
        0.4681428372859955,
        0.4493044912815094,
        0.4334038197994232,
        0.42067304253578186,
        0.4106501340866089,
        0.40249666571617126,
        0.3953089118003845,
        0.38837093114852905,
        0.38125771284103394,
        0.37384164333343506,
        0.36627474427223206,
        0.358790785074234,
        0.3515821695327759,
        0.34483325481414795,
        0.3387201130390167,
        0.3332800269126892,
        0.3283376097679138,
        0.32360848784446716,
        0.318812757730484,
        0.31380143761634827,
        0.30860209465026855,
        0.30333685874938965,
        0.29817792773246765,
        0.2932854890823364,
        0.28867894411087036,
        0.2843584716320038,
        0.2802712321281433,
        0.2763740122318268,
        0.2725756764411926
    ],
    "training_epoch_time": [
        0.00588625200180104,
        0.004721617995528504,
        0.004482213997107465,
        0.0043752709971158765,
        0.004363460997410584,
        0.004869176998909097,
        0.0043075010034954175,
        0.006954209005925804,
        0.009957994996511843,
        0.004398122000566218,
        0.005007179999665823,
        0.008365370995306876,
        0.004987161999451928,
        0.00495970399788348,
        0.005116020998684689,
        0.0043483780027600005,
        0.004328309994889423,
        0.007868648004659917,
        0.004418780001287814,
        0.0060283979983069,
        0.0054063620045781136,
        0.004401899997901637,
        0.00439755499974126,
        0.004356033001386095,
        0.005325354002707172,
        0.004601177002768964,
        0.004386827997223008,
        0.004309165000449866,
        0.004319154999393504,
        0.004218119000142906,
        0.004284656002710108,
        0.004283543006749824,
        0.004359985003247857,
        0.004278355001588352,
        0.004287045005185064,
        0.004318854997109156,
        0.004348718000983354,
        0.004236179003783036,
        0.00424703899625456,
        0.004267880998668261,
        0.004361386003438383,
        0.004451029002666473,
        0.004336795995186549,
        0.004421484998601954,
        0.004567200994642917,
        0.004367380002804566,
        0.004321977001382038,
        0.004358436002803501,
        0.0042184019985143095,
        0.004827046999707818
    ],
    "train_inference_time": [
        0.0014288949969341047,
        0.0012663550005527213,
        0.0012677499980782159,
        0.0012317619984969497,
        0.0012619850022019818,
        0.0012531959946500137,
        0.0012661939981626347,
        0.001594471999851521,
        0.004141282006457914,
        0.0012507040009950288,
        0.0012423939988366328,
        0.001957692002179101,
        0.0013366100029088557,
        0.0019877830054610968,
        0.0012264789984328672,
        0.0012267310012248345,
        0.0012289419973967597,
        0.0012745999993057922,
        0.0013505759998224676,
        0.0019548159980331548,
        0.001309804996708408,
        0.0012803990030079149,
        0.001236440999491606,
        0.0012122640036977828,
        0.0012436879987944849,
        0.0012659260028158315,
        0.0013110350046190433,
        0.0012190429988550022,
        0.0012248739949427545,
        0.001216646000102628,
        0.0012089259980712086,
        0.0012363690038910136,
        0.0012162820057710633,
        0.0012524120029411279,
        0.001189237998914905,
        0.0012050680015818216,
        0.00120574000175111,
        0.0012065160044585355,
        0.0012549259990919381,
        0.0012349769967840984,
        0.0012780100005329587,
        0.0012180859994259663,
        0.001290202999371104,
        0.0015169600010267459,
        0.0013044389997958206,
        0.001217804994666949,
        0.0012270139995962381,
        0.0012432500006980263,
        0.0012062329988111742,
        0.0012800810000044294
    ],
    "train_l2_error": [
        0.9905141592025757,
        0.98288893699646,
        0.9738777279853821,
        0.9630473256111145,
        0.9502276182174683,
        0.9352388978004456,
        0.9179663062095642,
        0.8983507752418518,
        0.8763270378112793,
        0.852131724357605,
        0.826353132724762,
        0.799995481967926,
        0.7745347023010254,
        0.7521624565124512,
        0.7354159951210022,
        0.725527286529541,
        0.7201319336891174,
        0.714049220085144,
        0.7043330669403076,
        0.6915327310562134,
        0.6772923469543457,
        0.6635648012161255,
        0.6517525315284729,
        0.6421399116516113,
        0.6344712376594543,
        0.6281645894050598,
        0.6225505471229553,
        0.6170800924301147,
        0.6114170551300049,
        0.6054531335830688,
        0.5993044376373291,
        0.5931587815284729,
        0.5871772766113281,
        0.5815209150314331,
        0.5763491988182068,
        0.571707546710968,
        0.5674574375152588,
        0.5633602738380432,
        0.5591740012168884,
        0.5547650456428528,
        0.5501527190208435,
        0.5454416871070862,
        0.5407857298851013,
        0.5363327264785767,
        0.5321058034896851,
        0.5281105041503906,
        0.5243027806282043,
        0.5206460356712341,
        0.5170570611953735,
        0.5134764313697815
    ],
    "train_linf_error": [
        0.9984903931617737,
        0.9927523136138916,
        0.9870390295982361,
        0.9788468480110168,
        0.9680727124214172,
        0.9543637037277222,
        0.9372936487197876,
        0.9160524010658264,
        0.8992974162101746,
        0.8868196606636047,
        0.8716097474098206,
        0.854279100894928,
        0.8340778946876526,
        0.8110265135765076,
        0.7973290681838989,
        0.8119305968284607,
        0.8147250413894653,
        0.8138869404792786,
        0.8042930960655212,
        0.7871542572975159,
        0.7780110239982605,
        0.7728598713874817,
        0.7663070559501648,
        0.758525550365448,
        0.7505403161048889,
        0.7426403164863586,
        0.7344291806221008,
        0.7269641160964966,
        0.7207159996032715,
        0.7157053351402283,
        0.7121708393096924,
        0.709442675113678,
        0.7068125605583191,
        0.7038875222206116,
        0.6999012231826782,
        0.6949445605278015,
        0.6892001032829285,
        0.6829903721809387,
        0.6759411096572876,
        0.6681944131851196,
        0.6593260169029236,
        0.6503004431724548,
        0.6416777968406677,
        0.6348746418952942,
        0.628169596195221,
        0.6216459274291992,
        0.615362286567688,
        0.6092186570167542,
        0.6031867861747742,
        0.5972540378570557
    ],